AF-200	CFD-AF-200-228-N.jpg	0	0
AF-201	CFD-AF-201-060-N.jpg	0	0
AF-202	CFD-AF-202-122-N.jpg	0	0
AF-203	CFD-AF-203-077-N.jpg	1	0
AF-204	CFD-AF-204-067-N.jpg	0	0
AF-205	CFD-AF-205-155-N.jpg	1	0
AF-206	CFD-AF-206-079-N.jpg	0	0
AF-207	CFD-AF-207-023-N.jpg	0	0
AF-208	CFD-AF-208-003-N.jpg	0	0
AF-209	CFD-AF-209-006-N.jpg	1	0
AF-210	CFD-AF-210-050-N.jpg	0	0
AF-211	CFD-AF-211-066-N.jpg	0	0
AF-212	CFD-AF-212-097-N.jpg	0	0
AF-213	CFD-AF-213-126-N.jpg	0	0
AF-214	CFD-AF-214-139-N.jpg	0	0
AF-215	CFD-AF-215-70-N.jpg	0	0
AF-216	CFD-AF-216-106-N.jpg	0	0
AF-217	CFD-AF-217-155-N.jpg	0	0
AF-218	CFD-AF-218-157-N.jpg	0	0
AF-219	CFD-AF-219-106-N.jpg	0	0
AF-221	CFD-AF-221-147-N.jpg	1	0
AF-222	CFD-AF-222-134-N.jpg	0	0
AF-223	CFD-AF-223-183-N.jpg	0	0
AF-224	CFD-AF-224-026-N.jpg	0	0
AF-225	CFD-AF-225-141-N.jpg	0	0
AF-226	CFD-AF-226-251-N.jpg	0	0
AF-227	CFD-AF-227-207-N.jpg	0	0
AF-228	CFD-AF-228-173-N.jpg	0	0
AF-229	CFD-AF-229-160-N.jpg	0	0
AF-230	CFD-AF-230-193-N.jpg	0	0
AF-231	CFD-AF-231-357-N.jpg	0	0
AF-232	CFD-AF-232-078-N.jpg	0	0
AF-233	CFD-AF-233-190-N.jpg	0	0
AF-234	CFD-AF-234-208-N.jpg	0	0
AF-235	CFD-AF-235-170-N.jpg	0	0
AF-236	CFD-AF-236-145-N.jpg	0	0
AF-237	CFD-AF-237-223-N.jpg	0	0
AF-238	CFD-AF-238-185-N.jpg	0	0
AF-239	CFD-AF-239-171-N.jpg	0	0
AF-240	CFD-AF-240-206-N.jpg	0	0
AF-242	CFD-AF-242-158-N.jpg	0	0
AF-243	CFD-AF-243-170-N.jpg	0	0
AF-244	CFD-AF-244-168-N.jpg	0	0
AF-245	CFD-AF-245-143-N.jpg	0	0
AF-246	CFD-AF-246-242-N.jpg	0	0
AF-247	CFD-AF-247-278-N.jpg	0	0
AF-248	CFD-AF-248-148-N.jpg	0	0
AF-249	CFD-AF-249-092-N.jpg	0	0
AF-250	CFD-AF-250-200-N.jpg	0	0
AF-251	CFD-AF-251-093-N.jpg	0	0
AF-252	CFD-AF-252-135-N.jpg	0	0
AF-253	CFD-AF-253-130-N.jpg	0	0
AF-254	CFD-AF-254-167-N.jpg	0	0
AF-255	CFD-AF-255-209-N.jpg	0	0
AF-256	CFD-AF-256-160-N.jpg	0	0
AM-201	CFD-AM-201-076-N.jpg	1	1
AM-202	CFD-AM-202-079-N.jpg	1	1
AM-203	CFD-AM-203-086-N.jpg	1	1
AM-204	CFD-AM-204-122-N.jpg	1	1
AM-205	CFD-AM-205-153-N.jpg	1	1
AM-207	CFD-AM-207-108-N.jpg	1	1
AM-208	CFD-AM-208-143-N.jpg	1	1
AM-209	CFD-AM-209-048-N.jpg	1	1
AM-210	CFD-AM-210-035-N.jpg	1	1
AM-211	CFD-AM-211-052-N.jpg	1	1
AM-212	CFD-AM-212-050-N.jpg	1	1
AM-213	CFD-AM-213-056-N.jpg	1	1
AM-214	CFD-AM-214-168-N.jpg	1	1
AM-215	CFD-AM-215-120-N.jpg	1	1
AM-216	CFD-AM-216-114-N.jpg	1	1
AM-217	CFD-AM-217-085-N.jpg	1	1
AM-218	CFD-AM-218-085-N.jpg	1	1
AM-219	CFD-AM-219-101-N.jpg	1	1
AM-220	CFD-AM-220-134-N.jpg	1	1
AM-221	CFD-AM-221-184-N.jpg	1	1
AM-223	CFD-AM-223-138-N.jpg	1	1
AM-224	CFD-AM-224-126-N.jpg	1	1
AM-225	CFD-AM-225-102-N.jpg	1	1
AM-226	CFD-AM-226-234-N.jpg	1	1
AM-227	CFD-AM-227-184-N.jpg	1	1
AM-229	CFD-AM-229-224-N.jpg	1	1
AM-230	CFD-AM-230-150-N.jpg	1	1
AM-231	CFD-AM-231-136-N.jpg	1	1
AM-232	CFD-AM-232-251-N.jpg	1	1
AM-233	CFD-AM-233-236-N.jpg	1	1
AM-234	CFD-AM-234-355-N.jpg	1	1
AM-235	CFD-AM-235-241-N.jpg	1	1
AM-236	CFD-AM-236-090-N.jpg	1	1
AM-237	CFD-AM-237-154-N.jpg	1	1
AM-238	CFD-AM-238-269-N.jpg	1	1
AM-239	CFD-AM-239-147-N.jpg	1	1
AM-240	CFD-AM-240-191-N.jpg	1	1
AM-241	CFD-AM-241-287-N.jpg	1	1
AM-242	CFD-AM-242-176-N.jpg	1	1
AM-243	CFD-AM-243-212-N.jpg	1	1
AM-244	CFD-AM-244-222-N.jpg	1	1
AM-245	CFD-AM-245-111-N.jpg	1	1
AM-246	CFD-AM-246-184-N.jpg	1	1
AM-247	CFD-AM-247-165-N.jpg	1	1
AM-248	CFD-AM-248-104-N.jpg	1	1
AF-220	CFD-AF-220-107-N.jpg	0	0
AF-241	CFD-AF-241-141-N.jpg	1	0
AM-206	CFD-AM-206-086-N.jpg	1	1
AM-228	CFD-AM-228-214-N.jpg	1	1
AM-249	CFD-AM-249-163-N.jpg	1	1
BF-017	CFD-BF-017-003-N.jpg	1	0
BF-017	CFD-BF-017-004-HO.jpg	1	0
BF-017	CFD-BF-017-007-HC.jpg	1	0
BF-017	CFD-BF-017-011-A.jpg	1	0
BF-017	CFD-BF-017-016-F.jpg	0	0
BF-040	CFD-BF-040-003-N.jpg	1	0
BF-040	CFD-BF-040-010-HC.jpg	1	0
BF-040	CFD-BF-040-043-HO.jpg	1	0
BF-040	CFD-BF-040-051-A.jpg	1	0
BF-040	CFD-BF-040-081-F.jpg	1	0
BF-210	CFD-BF-210-130-N.jpg	1	0
BF-231	CFD-BF-231-202-N.jpg	1	0
BF-252	CFD-BF-252-191-N.jpg	1	0
BM-022	CFD-BM-022-004-HC.jpg	1	1
BM-022	CFD-BM-022-014-F.jpg	1	1
BM-022	CFD-BM-022-022-N.jpg	1	1
BM-022	CFD-BM-022-027-HO.jpg	1	1
BM-022	CFD-BM-022-030-A.jpg	1	1
BM-045	CFD-BM-045-004-N.jpg	1	1
BM-045	CFD-BM-045-045-F.jpg	1	1
BM-045	CFD-BM-045-055-HO.jpg	1	1
BM-045	CFD-BM-045-057-HC.jpg	1	1
BM-045	CFD-BM-045-061-A.jpg	1	1
BM-219	CFD-BM-219-141-N.jpg	1	1
BM-241	CFD-BM-241-235-N.jpg	1	1
LF-208	CFD-LF-208-127-N.jpg	0	0
LF-229	CFD-LF-229-164-N.jpg	0	0
LF-250	CFD-LF-250-169-N.jpg	0	0
LM-216	CFD-LM-216-082-N.jpg	1	1
LM-237	CFD-LM-237-264-N.jpg	1	1
WF-007	CFD-WF-007-001-N.jpg	0	0
WF-007	CFD-WF-007-003-HO.jpg	0	0
WF-007	CFD-WF-007-005-HC.jpg	0	0
WF-007	CFD-WF-007-026-F.jpg	0	0
WF-007	CFD-WF-007-029-A.jpg	0	0
WF-028	CFD-WF-028-019-F.jpg	1	0
WF-028	CFD-WF-028-023-N.jpg	1	0
WF-028	CFD-WF-028-024-HO.jpg	0	0
WF-028	CFD-WF-028-025-HC.jpg	0	0
WF-028	CFD-WF-028-026-A.jpg	0	0
WF-210	CFD-WF-210-086-N.jpg	1	0
WF-231	CFD-WF-231-099-N.jpg	0	0
WF-252	CFD-WF-252-159-N.jpg	0	0
WM-024	CFD-WM-024-003-HO.jpg	1	1
WM-024	CFD-WM-024-007-HC.jpg	1	1
WM-024	CFD-WM-024-010-A.jpg	1	1
WM-024	CFD-WM-024-015-N.jpg	1	1
WM-024	CFD-WM-024-019-F.jpg	1	1
WM-205	CFD-WM-205-007-N.jpg	1	1
WM-227	CFD-WM-227-099-N.jpg	1	1
AM-250	CFD-AM-250-149-N.jpg	1	1
AM-251	CFD-AM-251-124-N.jpg	1	1
AM-252	CFD-AM-252-114-N.jpg	1	1
AM-253	CFD-AM-253-161-N.jpg	1	1
BF-001	CFD-BF-001-009-F.jpg	1	0
BF-001	CFD-BF-001-018-HO.jpg	1	0
BF-001	CFD-BF-001-021-HC.jpg	1	0
BF-001	CFD-BF-001-025-N.jpg	1	0
BF-001	CFD-BF-001-026-A.jpg	1	0
BF-002	CFD-BF-002-001-N.jpg	0	0
BF-002	CFD-BF-002-004-HO.jpg	0	0
BF-002	CFD-BF-002-006-HC.jpg	0	0
BF-002	CFD-BF-002-018-A.jpg	0	0
BF-002	CFD-BF-002-022-F.jpg	1	0
BF-003	CFD-BF-003-003-N.jpg	0	0
BF-003	CFD-BF-003-004-HO.jpg	0	0
BF-003	CFD-BF-003-007-HC.jpg	0	0
BF-003	CFD-BF-003-016-A.jpg	0	0
BF-003	CFD-BF-003-020-F.jpg	1	0
BF-004	CFD-BF-004-002-F.jpg	1	0
BF-004	CFD-BF-004-008-HC.jpg	1	0
BF-004	CFD-BF-004-009-HO.jpg	1	0
BF-004	CFD-BF-004-014-N.jpg	1	0
BF-004	CFD-BF-004-021-A.jpg	1	0
BF-005	CFD-BF-005-001-N.jpg	0	0
BF-005	CFD-BF-005-005-HO.jpg	0	0
BF-005	CFD-BF-005-010-HC.jpg	0	0
BF-005	CFD-BF-005-020-A.jpg	0	0
BF-005	CFD-BF-005-022-F.jpg	1	0
BF-006	CFD-BF-006-006-HO.jpg	0	0
BF-006	CFD-BF-006-008-HC.jpg	0	0
BF-006	CFD-BF-006-012-A.jpg	0	0
BF-006	CFD-BF-006-017-N.jpg	0	0
BF-006	CFD-BF-006-018-F.jpg	0	0
BF-007	CFD-BF-007-001-N.jpg	1	0
BF-007	CFD-BF-007-004-HO.jpg	1	0
BF-007	CFD-BF-007-006-HC.jpg	0	0
BF-007	CFD-BF-007-013-A.jpg	1	0
BF-007	CFD-BF-007-024-F.jpg	1	0
BF-008	CFD-BF-008-001-N.jpg	0	0
BF-008	CFD-BF-008-003-HO.jpg	1	0
BF-008	CFD-BF-008-007-HC.jpg	0	0
BF-008	CFD-BF-008-012-A.jpg	0	0
BF-008	CFD-BF-008-018-F.jpg	1	0
BF-009	CFD-BF-009-002-N.jpg	1	0
BF-009	CFD-BF-009-006-HO.jpg	0	0
BF-009	CFD-BF-009-008-HC.jpg	0	0
BF-009	CFD-BF-009-019-F.jpg	1	0
BF-009	CFD-BF-009-024-A.jpg	1	0
BF-010	CFD-BF-010-001-N.jpg	1	0
BF-010	CFD-BF-010-003-HO.jpg	1	0
BF-010	CFD-BF-010-005-HC.jpg	1	0
BF-010	CFD-BF-010-015-F.jpg	1	0
BF-010	CFD-BF-010-019-A.jpg	1	0
BF-011	CFD-BF-011-002-N.jpg	1	0
BF-011	CFD-BF-011-004-HO.jpg	1	0
BF-011	CFD-BF-011-005-HC.jpg	1	0
BF-011	CFD-BF-011-011-A.jpg	1	0
BF-011	CFD-BF-011-021-F.jpg	1	0
BF-012	CFD-BF-012-001-N.jpg	1	0
BF-012	CFD-BF-012-015-A.jpg	1	0
BF-012	CFD-BF-012-018-F.jpg	1	0
BF-012	CFD-BF-012-019-HO.jpg	0	0
BF-012	CFD-BF-012-020-HC.jpg	0	0
BF-013	CFD-BF-013-001-N.jpg	0	0
BF-013	CFD-BF-013-003-HO.jpg	0	0
BF-013	CFD-BF-013-005-HC.jpg	0	0
BF-013	CFD-BF-013-017-A.jpg	0	0
BF-013	CFD-BF-013-026-F.jpg	1	0
BF-014	CFD-BF-014-002-N.jpg	1	0
BF-014	CFD-BF-014-004-HO.jpg	1	0
BF-014	CFD-BF-014-005-HC.jpg	0	0
BF-014	CFD-BF-014-013-A.jpg	1	0
BF-014	CFD-BF-014-021-F.jpg	1	0
BF-015	CFD-BF-015-004-N.jpg	0	0
BF-015	CFD-BF-015-006-HO.jpg	0	0
BF-015	CFD-BF-015-007-HC.jpg	1	0
BF-015	CFD-BF-015-022-A.jpg	1	0
BF-015	CFD-BF-015-025-F.jpg	1	0
BF-016	CFD-BF-016-017-N.jpg	0	0
BF-016	CFD-BF-016-018-HO.jpg	0	0
BF-016	CFD-BF-016-019-HC.jpg	0	0
BF-016	CFD-BF-016-020-A.jpg	0	0
BF-016	CFD-BF-016-021-F.jpg	0	0
BF-018	CFD-BF-018-019-A.jpg	1	0
BF-018	CFD-BF-018-039-N.jpg	1	0
BF-018	CFD-BF-018-040-HO.jpg	0	0
BF-018	CFD-BF-018-041-HC.jpg	1	0
BF-018	CFD-BF-018-044-F.jpg	1	0
BF-019	CFD-BF-019-001-N.jpg	1	0
BF-019	CFD-BF-019-004-HC.jpg	0	0
BF-019	CFD-BF-019-022-HO.jpg	1	0
BF-019	CFD-BF-019-023-A.jpg	1	0
BF-019	CFD-BF-019-025-F.jpg	1	0
BF-020	CFD-BF-020-002-N.jpg	1	0
BF-020	CFD-BF-020-004-HO.jpg	1	0
BF-020	CFD-BF-020-016-HC.jpg	1	0
BF-020	CFD-BF-020-017-A.jpg	1	0
BF-020	CFD-BF-020-020-F.jpg	1	0
BF-021	CFD-BF-021-012-F.jpg	1	0
BF-021	CFD-BF-021-013-N.jpg	1	0
BF-021	CFD-BF-021-014-HO.jpg	1	0
BF-021	CFD-BF-021-015-HC.jpg	1	0
BF-021	CFD-BF-021-016-A.jpg	1	0
BF-023	CFD-BF-023-003-HO.jpg	0	0
BF-023	CFD-BF-023-010-N.jpg	1	0
BF-023	CFD-BF-023-012-HC.jpg	1	0
BF-023	CFD-BF-023-013-A.jpg	1	0
BF-023	CFD-BF-023-014-F.jpg	1	0
BF-024	CFD-BF-024-002-N.jpg	0	0
BF-024	CFD-BF-024-003-HC.jpg	0	0
BF-024	CFD-BF-024-005-HO.jpg	0	0
BF-024	CFD-BF-024-024-A.jpg	0	0
BF-024	CFD-BF-024-030-F.jpg	1	0
BF-025	CFD-BF-025-002-N.jpg	0	0
BF-025	CFD-BF-025-005-HO.jpg	1	0
BF-025	CFD-BF-025-011-A.jpg	1	0
BF-025	CFD-BF-025-018-HC.jpg	0	0
BF-025	CFD-BF-025-020-F.jpg	0	0
BF-027	CFD-BF-027-002-N.jpg	0	0
BF-027	CFD-BF-027-006-HO.jpg	1	0
BF-027	CFD-BF-027-008-A.jpg	1	0
BF-027	CFD-BF-027-013-HC.jpg	1	0
BF-027	CFD-BF-027-016-F.jpg	1	0
BF-028	CFD-BF-028-001-N.jpg	1	0
BF-028	CFD-BF-028-006-HO.jpg	1	0
BF-028	CFD-BF-028-020-HC.jpg	1	0
BF-028	CFD-BF-028-021-A.jpg	1	0
BF-028	CFD-BF-028-029-F.jpg	1	0
BF-029	CFD-BF-029-005-HO.jpg	1	0
BF-029	CFD-BF-029-031-N.jpg	1	0
BF-029	CFD-BF-029-038-HC.jpg	1	0
BF-029	CFD-BF-029-046-A.jpg	1	0
BF-029	CFD-BF-029-049-F.jpg	1	0
BF-030	CFD-BF-030-002-N.jpg	1	0
BF-030	CFD-BF-030-007-HO.jpg	1	0
BF-030	CFD-BF-030-009-HC.jpg	1	0
BF-030	CFD-BF-030-023-F.jpg	1	0
BF-031	CFD-BF-031-002-N.jpg	1	0
BF-031	CFD-BF-031-020-A.jpg	1	0
BF-031	CFD-BF-031-048-HC.jpg	0	0
BF-031	CFD-BF-031-051-HO.jpg	1	0
BF-031	CFD-BF-031-062-F.jpg	1	0
BF-032	CFD-BF-032-006-HC.jpg	1	0
BF-032	CFD-BF-032-017-A.jpg	1	0
BF-032	CFD-BF-032-038-N.jpg	1	0
BF-032	CFD-BF-032-043-HO.jpg	1	0
BF-032	CFD-BF-032-058-F.jpg	1	0
BF-033	CFD-BF-033-016-A.jpg	1	0
BF-033	CFD-BF-033-028-N.jpg	1	0
BF-033	CFD-BF-033-031-HO.jpg	1	0
BF-033	CFD-BF-033-033-HC.jpg	1	0
BF-033	CFD-BF-033-054-F.jpg	1	0
BF-034	CFD-BF-034-002-N.jpg	1	0
BF-034	CFD-BF-034-005-HO.jpg	1	0
BF-034	CFD-BF-034-031-HC.jpg	1	0
BF-034	CFD-BF-034-035-A.jpg	1	0
BF-034	CFD-BF-034-044-F.jpg	1	0
BF-035	CFD-BF-035-001-N.jpg	1	0
BF-035	CFD-BF-035-007-HC.jpg	1	0
BF-035	CFD-BF-035-009-A.jpg	1	0
BF-035	CFD-BF-035-023-F.jpg	1	0
BF-035	CFD-BF-035-027-HO.jpg	1	0
BF-036	CFD-BF-036-020-A.jpg	0	0
BF-036	CFD-BF-036-027-N.jpg	0	0
BF-036	CFD-BF-036-030-HO.jpg	0	0
BF-036	CFD-BF-036-032-HC.jpg	0	0
BF-036	CFD-BF-036-046-F.jpg	0	0
BF-037	CFD-BF-037-013-A.jpg	0	0
BF-037	CFD-BF-037-022-N.jpg	0	0
BF-037	CFD-BF-037-026-HO.jpg	1	0
BF-037	CFD-BF-037-030-HC.jpg	0	0
BF-037	CFD-BF-037-043-F.jpg	1	0
BF-038	CFD-BF-038-004-HO.jpg	0	0
BF-038	CFD-BF-038-009-HC.jpg	0	0
BF-038	CFD-BF-038-026-F.jpg	1	0
BF-038	CFD-BF-038-029-A.jpg	1	0
BF-038	CFD-BF-038-037-N.jpg	1	0
BF-039	CFD-BF-039-008-HC.jpg	1	0
BF-039	CFD-BF-039-022-F.jpg	1	0
BF-039	CFD-BF-039-031-N.jpg	1	0
BF-039	CFD-BF-039-033-HO.jpg	1	0
BF-039	CFD-BF-039-039-A.jpg	1	0
BF-041	CFD-BF-041-001-N.jpg	1	0
BF-041	CFD-BF-041-004-HO.jpg	1	0
BF-041	CFD-BF-041-018-F.jpg	1	0
BF-041	CFD-BF-041-038-HC.jpg	1	0
BF-041	CFD-BF-041-047-A.jpg	1	0
BF-042	CFD-BF-042-026-N.jpg	0	0
BF-042	CFD-BF-042-028-HO.jpg	0	0
BF-042	CFD-BF-042-031-HC.jpg	0	0
BF-042	CFD-BF-042-034-A.jpg	0	0
BF-042	CFD-BF-042-036-F.jpg	1	0
BF-043	CFD-BF-043-003-N.jpg	1	0
BF-043	CFD-BF-043-004-HO.jpg	1	0
BF-043	CFD-BF-043-010-HC.jpg	1	0
BF-043	CFD-BF-043-015-F.jpg	1	0
BF-043	CFD-BF-043-038-A.jpg	1	0
BF-044	CFD-BF-044-007-HO.jpg	1	0
BF-044	CFD-BF-044-011-HC.jpg	1	0
BF-044	CFD-BF-044-034-N.jpg	1	0
BF-044	CFD-BF-044-044-A.jpg	1	0
BF-044	CFD-BF-044-049-F.jpg	1	0
BF-045	CFD-BF-045-003-N.jpg	0	0
BF-045	CFD-BF-045-051-F.jpg	1	0
BF-045	CFD-BF-045-062-HO.jpg	0	0
BF-045	CFD-BF-045-064-HC.jpg	0	0
BF-045	CFD-BF-045-068-A.jpg	0	0
BF-047	CFD-BF-047-003-N.jpg	0	0
BF-047	CFD-BF-047-004-HC.jpg	0	0
BF-047	CFD-BF-047-028-HO.jpg	0	0
BF-047	CFD-BF-047-046-A.jpg	0	0
BF-047	CFD-BF-047-055-F.jpg	1	0
BF-048	CFD-BF-048-002-N.jpg	1	0
BF-048	CFD-BF-048-005-HO.jpg	1	0
BF-048	CFD-BF-048-006-HC.jpg	1	0
BF-048	CFD-BF-048-013-F.jpg	1	0
BF-048	CFD-BF-048-038-A.jpg	1	0
BF-049	CFD-BF-049-032-N.jpg	1	0
BF-049	CFD-BF-049-034-HO.jpg	1	0
BF-049	CFD-BF-049-036-HC.jpg	1	0
BF-049	CFD-BF-049-039-A.jpg	1	0
BF-049	CFD-BF-049-042-F.jpg	1	0
BF-050	CFD-BF-050-003-N.jpg	0	0
BF-050	CFD-BF-050-004-HO.jpg	0	0
BF-050	CFD-BF-050-008-HC.jpg	0	0
BF-050	CFD-BF-050-012-A.jpg	1	0
BF-050	CFD-BF-050-036-F.jpg	0	0
BF-051	CFD-BF-051-029-F.jpg	1	0
BF-051	CFD-BF-051-035-N.jpg	1	0
BF-051	CFD-BF-051-037-HO.jpg	1	0
BF-051	CFD-BF-051-038-HC.jpg	1	0
BF-051	CFD-BF-051-043-A.jpg	1	0
BF-200	CFD-BF-200-080-N.jpg	0	0
BF-201	CFD-BF-201-080-N.jpg	0	0
BF-202	CFD-BF-202-109-N.jpg	0	0
BF-203	CFD-BF-203-184-N.jpg	0	0
BF-204	CFD-BF-204-189-N.jpg	0	0
BF-205	CFD-BF-205-141-N.jpg	1	0
BF-206	CFD-BF-206-143-N.jpg	1	0
BF-207	CFD-BF-207-004-N.jpg	0	0
BF-208	CFD-BF-208-266-N.jpg	0	0
BF-209	CFD-BF-209-172-N.jpg	1	0
BF-211	CFD-BF-211-168-N.jpg	0	0
BF-212	CFD-BF-212-315-N.jpg	0	0
BF-213	CFD-BF-213-188-N.jpg	1	0
BF-214	CFD-BF-214-308-N.jpg	0	0
BF-215	CFD-BF-215-177-N.jpg	1	0
BF-216	CFD-BF-216-132-N.jpg	0	0
BF-217	CFD-BF-217-189-N.jpg	0	0
BF-218	CFD-BF-218-207-N.jpg	0	0
BF-219	CFD-BF-219-137-N.jpg	1	0
BF-220	CFD-BF-220-161-N.jpg	1	0
BF-221	CFD-BF-221-223-N.jpg	0	0
BF-222	CFD-BF-222-240-N.jpg	1	0
BF-223	CFD-BF-223-250-N.jpg	1	0
BF-224	CFD-BF-224-002-N.jpg	1	0
BF-225	CFD-BF-225-192-N.jpg	0	0
BF-226	CFD-BF-226-119-N.jpg	1	0
BF-227	CFD-BF-227-137-N.jpg	1	0
BF-228	CFD-BF-228-212-N.jpg	0	0
BF-229	CFD-BF-229-179-N.jpg	1	0
BF-230	CFD-BF-230-189-N.jpg	0	0
BF-232	CFD-BF-232-187-N.jpg	0	0
BF-233	CFD-BF-233-116-N.jpg	1	0
BF-234	CFD-BF-234-167-N.jpg	0	0
BF-235	CFD-BF-235-168-N.jpg	0	0
BF-236	CFD-BF-236-177-N.jpg	0	0
BF-237	CFD-BF-237-172-N.jpg	0	0
BF-238	CFD-BF-238-190-N.jpg	1	0
BF-239	CFD-BF-239-180-N.jpg	1	0
BF-240	CFD-BF-240-179-N.jpg	0	0
BF-241	CFD-BF-241-222-N.jpg	0	0
BF-242	CFD-BF-242-154-N.jpg	0	0
BF-243	CFD-BF-243-164-N.jpg	1	0
BF-244	CFD-BF-244-231-N.jpg	0	0
BF-245	CFD-BF-245-178-N.jpg	1	0
BF-246	CFD-BF-246-170-N.jpg	1	0
BF-247	CFD-BF-247-179-N.jpg	0	0
BF-248	CFD-BF-248-149-N.jpg	0	0
BF-249	CFD-BF-249-091-N.jpg	0	0
BF-250	CFD-BF-250-121-N.jpg	0	0
BF-251	CFD-BF-251-211-N.jpg	0	0
BF-253	CFD-BF-253-202-N.jpg	1	0
BF-254	CFD-BF-254-201-N.jpg	0	0
BF-255	CFD-BF-255-140-N.jpg	0	0
BM-001	CFD-BM-001-007-F.jpg	1	1
BM-001	CFD-BM-001-011-HO.jpg	1	1
BM-001	CFD-BM-001-014-N.jpg	1	1
BM-001	CFD-BM-001-022-A.jpg	1	1
BM-002	CFD-BM-002-002-F.jpg	1	1
BM-002	CFD-BM-002-007-HO.jpg	1	1
BM-002	CFD-BM-002-011-HC.jpg	1	1
BM-002	CFD-BM-002-013-N.jpg	1	1
BM-002	CFD-BM-002-016-A.jpg	1	1
BM-003	CFD-BM-003-003-N.jpg	1	1
BM-003	CFD-BM-003-021-HO.jpg	1	1
BM-003	CFD-BM-003-030-A.jpg	1	1
BM-003	CFD-BM-003-031-F.jpg	1	1
BM-004	CFD-BM-004-002-N.jpg	1	1
BM-005	CFD-BM-005-003-N.jpg	1	1
BM-005	CFD-BM-005-005-HO.jpg	1	1
BM-005	CFD-BM-005-010-A.jpg	1	1
BM-005	CFD-BM-005-016-F.jpg	1	1
BM-009	CFD-BM-009-002-N.jpg	1	1
BM-009	CFD-BM-009-003-HO.jpg	1	1
BM-009	CFD-BM-009-006-HC.jpg	1	1
BM-009	CFD-BM-009-008-A.jpg	1	1
BM-009	CFD-BM-009-009-F.jpg	1	1
BM-010	CFD-BM-010-003-N.jpg	1	1
BM-010	CFD-BM-010-004-HO.jpg	1	1
BM-010	CFD-BM-010-015-F.jpg	1	1
BM-010	CFD-BM-010-019-A.jpg	1	1
BM-011	CFD-BM-011-013-F.jpg	1	1
BM-011	CFD-BM-011-016-N.jpg	1	1
BM-011	CFD-BM-011-017-HO.jpg	1	1
BM-011	CFD-BM-011-019-HC.jpg	1	1
BM-011	CFD-BM-011-020-A.jpg	1	1
BM-012	CFD-BM-012-018-N.jpg	1	1
BM-013	CFD-BM-013-002-N.jpg	1	1
BM-013	CFD-BM-013-004-HO.jpg	1	1
BM-013	CFD-BM-013-014-HC.jpg	1	1
BM-013	CFD-BM-013-016-A.jpg	1	1
BM-013	CFD-BM-013-019-F.jpg	1	1
BM-015	CFD-BM-015-012-A.jpg	1	1
BM-015	CFD-BM-015-014-F.jpg	1	1
BM-015	CFD-BM-015-015-N.jpg	1	1
BM-015	CFD-BM-015-016-HO.jpg	1	1
BM-015	CFD-BM-015-017-HC.jpg	1	1
BM-016	CFD-BM-016-030-F.jpg	1	1
BM-016	CFD-BM-016-036-N.jpg	1	1
BM-016	CFD-BM-016-040-HO.jpg	1	1
BM-016	CFD-BM-016-042-A.jpg	1	1
BM-017	CFD-BM-017-021-N.jpg	1	1
BM-017	CFD-BM-017-035-A.jpg	1	1
BM-017	CFD-BM-017-052-HC.jpg	1	1
BM-017	CFD-BM-017-064-F.jpg	1	1
BM-018	CFD-BM-018-001-N.jpg	1	1
BM-018	CFD-BM-018-004-HC.jpg	1	1
BM-018	CFD-BM-018-007-HO.jpg	1	1
BM-018	CFD-BM-018-012-A.jpg	1	1
BM-018	CFD-BM-018-040-F.jpg	1	1
BM-019	CFD-BM-019-002-N.jpg	1	1
BM-019	CFD-BM-019-004-HO.jpg	1	1
BM-019	CFD-BM-019-008-HC.jpg	1	1
BM-019	CFD-BM-019-045-A.jpg	1	1
BM-019	CFD-BM-019-049-F.jpg	1	1
BM-020	CFD-BM-020-001-N.jpg	1	1
BM-020	CFD-BM-020-016-F.jpg	1	1
BM-020	CFD-BM-020-024-HC.jpg	1	1
BM-020	CFD-BM-020-026-HO.jpg	1	1
BM-020	CFD-BM-020-037-A.jpg	1	1
BM-021	CFD-BM-021-009-HC.jpg	1	1
BM-021	CFD-BM-021-021-N.jpg	1	1
BM-021	CFD-BM-021-022-HO.jpg	1	1
BM-021	CFD-BM-021-026-A.jpg	1	1
BM-021	CFD-BM-021-029-F.jpg	1	1
BM-023	CFD-BM-023-006-HO.jpg	1	1
BM-023	CFD-BM-023-011-A.jpg	1	1
BM-023	CFD-BM-023-029-N.jpg	1	1
BM-023	CFD-BM-023-034-HC.jpg	1	1
BM-023	CFD-BM-023-039-F.jpg	1	1
BM-024	CFD-BM-024-001-N.jpg	1	1
BM-024	CFD-BM-024-018-A.jpg	1	1
BM-024	CFD-BM-024-061-HO.jpg	1	1
BM-024	CFD-BM-024-104-F.jpg	1	1
BM-024	CFD-BM-024-113-HC.jpg	1	1
BM-025	CFD-BM-025-004-HC.jpg	1	1
BM-025	CFD-BM-025-035-N.jpg	1	1
BM-025	CFD-BM-025-040-HO.jpg	1	1
BM-025	CFD-BM-025-045-A.jpg	1	1
BM-025	CFD-BM-025-051-F.jpg	1	1
BM-026	CFD-BM-026-002-N.jpg	1	1
BM-026	CFD-BM-026-006-HC.jpg	1	1
BM-026	CFD-BM-026-009-HO.jpg	1	1
BM-026	CFD-BM-026-017-A.jpg	1	1
BM-026	CFD-BM-026-041-F.jpg	1	1
BM-027	CFD-BM-027-001-N.jpg	1	1
BM-028	CFD-BM-028-002-N.jpg	1	1
BM-028	CFD-BM-028-012-A.jpg	1	1
BM-028	CFD-BM-028-028-HO.jpg	1	1
BM-028	CFD-BM-028-031-HC.jpg	1	1
BM-028	CFD-BM-028-050-F.jpg	1	1
BM-029	CFD-BM-029-020-F.jpg	1	1
BM-029	CFD-BM-029-024-N.jpg	1	1
BM-029	CFD-BM-029-026-HC.jpg	1	1
BM-029	CFD-BM-029-029-HO.jpg	1	1
BM-030	CFD-BM-030-003-N.jpg	1	1
BM-030	CFD-BM-030-004-HO.jpg	1	1
BM-030	CFD-BM-030-008-HC.jpg	1	1
BM-030	CFD-BM-030-041-A.jpg	1	1
BM-030	CFD-BM-030-065-F.jpg	1	1
BM-031	CFD-BM-031-003-N.jpg	1	1
BM-031	CFD-BM-031-004-HO.jpg	1	1
BM-031	CFD-BM-031-009-HC.jpg	1	1
BM-031	CFD-BM-031-030-A.jpg	1	1
BM-031	CFD-BM-031-034-F.jpg	1	1
BM-032	CFD-BM-032-007-HO.jpg	1	1
BM-032	CFD-BM-032-010-HC.jpg	1	1
BM-032	CFD-BM-032-015-A.jpg	1	1
BM-032	CFD-BM-032-024-N.jpg	1	1
BM-032	CFD-BM-032-039-F.jpg	1	1
BM-033	CFD-BM-033-003-N.jpg	1	1
BM-033	CFD-BM-033-026-HC.jpg	1	1
BM-033	CFD-BM-033-029-HO.jpg	1	1
BM-033	CFD-BM-033-032-A.jpg	1	1
BM-033	CFD-BM-033-038-F.jpg	1	1
BM-034	CFD-BM-034-025-F.jpg	1	1
BM-034	CFD-BM-034-031-N.jpg	1	1
BM-034	CFD-BM-034-033-HO.jpg	1	1
BM-034	CFD-BM-034-035-HC.jpg	1	1
BM-034	CFD-BM-034-040-A.jpg	1	1
BM-036	CFD-BM-036-003-N.jpg	1	1
BM-036	CFD-BM-036-004-HO.jpg	1	1
BM-036	CFD-BM-036-007-HC.jpg	0	1
BM-036	CFD-BM-036-037-A.jpg	1	1
BM-036	CFD-BM-036-045-F.jpg	1	1
BM-037	CFD-BM-037-033-N.jpg	1	1
BM-037	CFD-BM-037-036-HO.jpg	1	1
BM-037	CFD-BM-037-038-HC.jpg	1	1
BM-037	CFD-BM-037-041-A.jpg	1	1
BM-037	CFD-BM-037-088-F.jpg	1	1
BM-038	CFD-BM-038-001-N.jpg	1	1
BM-038	CFD-BM-038-004-HC.jpg	1	1
BM-038	CFD-BM-038-007-HO.jpg	1	1
BM-038	CFD-BM-038-017-F.jpg	1	1
BM-038	CFD-BM-038-038-A.jpg	1	1
BM-039	CFD-BM-039-029-N.jpg	1	1
BM-039	CFD-BM-039-031-HC.jpg	1	1
BM-039	CFD-BM-039-034-HO.jpg	1	1
BM-039	CFD-BM-039-037-A.jpg	1	1
BM-039	CFD-BM-039-044-F.jpg	1	1
BM-040	CFD-BM-040-002-N.jpg	1	1
BM-040	CFD-BM-040-013-A.jpg	1	1
BM-040	CFD-BM-040-030-HO.jpg	0	1
BM-040	CFD-BM-040-032-HC.jpg	1	1
BM-041	CFD-BM-041-030-F.jpg	1	1
BM-041	CFD-BM-041-035-N.jpg	1	1
BM-041	CFD-BM-041-041-HO.jpg	1	1
BM-041	CFD-BM-041-045-HC.jpg	1	1
BM-041	CFD-BM-041-048-A.jpg	1	1
BM-043	CFD-BM-043-014-A.jpg	1	1
BM-043	CFD-BM-043-071-N.jpg	1	1
BM-043	CFD-BM-043-072-HC.jpg	1	1
BM-043	CFD-BM-043-076-HO.jpg	1	1
BM-044	CFD-BM-044-001-N.jpg	1	1
BM-044	CFD-BM-044-037-HO.jpg	1	1
BM-044	CFD-BM-044-038-HC.jpg	1	1
BM-044	CFD-BM-044-051-F.jpg	1	1
BM-046	CFD-BM-046-006-N.jpg	1	1
BM-046	CFD-BM-046-039-HO.jpg	1	1
BM-046	CFD-BM-046-042-HC.jpg	1	1
BM-046	CFD-BM-046-048-A.jpg	1	1
BM-046	CFD-BM-046-063-F.jpg	1	1
BM-200	CFD-BM-200-046-N.jpg	1	1
BM-201	CFD-BM-201-077-N.jpg	1	1
BM-202	CFD-BM-202-063-N.jpg	1	1
BM-203	CFD-BM-203-001-N.jpg	1	1
BM-204	CFD-BM-204-003-N.jpg	1	1
BM-205	CFD-BM-205-001-N.jpg	1	1
BM-206	CFD-BM-206-114-N.jpg	1	1
BM-207	CFD-BM-207-024-N.jpg	1	1
BM-208	CFD-BM-208-065-N.jpg	1	1
BM-209	CFD-BM-209-088-N.jpg	1	1
BM-210	CFD-BM-210-148-N.jpg	1	1
BM-211	CFD-BM-211-174-N.jpg	1	1
BM-212	CFD-BM-212-117-N.jpg	1	1
BM-213	CFD-BM-213-134-N.jpg	1	1
BM-214	CFD-BM-214-075-N.jpg	1	1
BM-215	CFD-BM-215-155-N.jpg	1	1
BM-216	CFD-BM-216-088-N.jpg	1	1
BM-217	CFD-BM-217-082-N.jpg	1	1
BM-218	CFD-BM-218-132-N.jpg	1	1
BM-221	CFD-BM-221-198-N.jpg	1	1
BM-222	CFD-BM-222-173-N.jpg	1	1
BM-223	CFD-BM-223-171-N.jpg	1	1
BM-224	CFD-BM-224-073-N.jpg	1	1
BM-225	CFD-BM-225-154-N.jpg	1	1
BM-226	CFD-BM-226-276-N.jpg	1	1
BM-227	CFD-BM-227-191-N.jpg	1	1
BM-228	CFD-BM-228-145-N.jpg	1	1
BM-229	CFD-BM-229-209-N.jpg	1	1
BM-230	CFD-BM-230-232-N.jpg	1	1
BM-231	CFD-BM-231-155-N.jpg	1	1
BM-232	CFD-BM-232-213-N.jpg	1	1
BM-233	CFD-BM-233-285-N.jpg	1	1
BM-234	CFD-BM-234-172-N.jpg	1	1
BM-235	CFD-BM-235-226-N.jpg	1	1
BM-236	CFD-BM-236-248-N.jpg	1	1
BM-237	CFD-BM-237-188-N.jpg	1	1
BM-238	CFD-BM-238-242-N.jpg	1	1
BM-239	CFD-BM-239-136-N.jpg	1	1
BM-240	CFD-BM-240-207-N.jpg	1	1
BM-242	CFD-BM-242-233-N.jpg	1	1
BM-243	CFD-BM-243-218-N.jpg	1	1
BM-244	CFD-BM-244-197-N.jpg	1	1
BM-245	CFD-BM-245-164-N.jpg	1	1
BM-246	CFD-BM-246-192-N.jpg	1	1
BM-247	CFD-BM-247-240-N.jpg	1	1
BM-248	CFD-BM-248-128-N.jpg	1	1
BM-249	CFD-BM-249-235-N.jpg	1	1
BM-250	CFD-BM-250-170-N.jpg	1	1
BM-251	CFD-BM-251-013-N.jpg	1	1
BM-252	CFD-BM-252-161-N.jpg	1	1
BM-253	CFD-BM-253-004-N.jpg	1	1
LF-200	CFD-LF-200-058-N.jpg	0	0
LF-201	CFD-LF-201-035-N.jpg	0	0
LF-202	CFD-LF-202-065-N.jpg	0	0
LF-203	CFD-LF-203-066-N.jpg	0	0
LF-204	CFD-LF-204-133-N.jpg	0	0
LF-205	CFD-LF-205-100-N.jpg	0	0
LF-206	CFD-LF-206-078-N.jpg	0	0
LF-207	CFD-LF-207-198-N.jpg	0	0
LF-209	CFD-LF-209-072-N.jpg	0	0
LF-210	CFD-LF-210-220-N.jpg	0	0
LF-211	CFD-LF-211-003-N.jpg	1	0
LF-212	CFD-LF-212-066-N.jpg	0	0
LF-213	CFD-LF-213-079-N.jpg	1	0
LF-214	CFD-LF-214-090-N.jpg	0	0
LF-215	CFD-LF-215-157-N.jpg	0	0
LF-216	CFD-LF-216-121-N.jpg	0	0
LF-217	CFD-LF-217-082-N.jpg	0	0
LF-218	CFD-LF-218-072-N.jpg	0	0
LF-219	CFD-LF-219-223-N.jpg	0	0
LF-220	CFD-LF-220-120-N.jpg	1	0
LF-221	CFD-LF-221-002-N.jpg	0	0
LF-222	CFD-LF-222-147-N.jpg	0	0
LF-223	CFD-LF-223-064-N.jpg	0	0
LF-224	CFD-LF-224-176-N.jpg	0	0
LF-225	CFD-LF-225-164-N.jpg	0	0
LF-226	CFD-LF-226-174-N.jpg	0	0
LF-227	CFD-LF-227-054-N.jpg	1	0
LF-228	CFD-LF-228-125-N.jpg	0	0
LF-230	CFD-LF-230-203-N.jpg	0	0
LF-231	CFD-LF-231-260-N.jpg	0	0
LF-232	CFD-LF-232-199-N.jpg	0	0
LF-233	CFD-LF-233-277-N.jpg	0	0
LF-234	CFD-LF-234-139-N.jpg	1	0
LF-235	CFD-LF-235-219-N.jpg	0	0
LF-236	CFD-LF-236-221-N.jpg	0	0
LF-237	CFD-LF-237-190-N.jpg	0	0
LF-238	CFD-LF-238-154-N.jpg	0	0
LF-239	CFD-LF-239-148-N.jpg	0	0
LF-240	CFD-LF-240-199-N.jpg	1	0
LF-241	CFD-LF-241-188-N.jpg	0	0
LF-242	CFD-LF-242-121-N.jpg	0	0
LF-243	CFD-LF-243-175-N.jpg	0	0
LF-244	CFD-LF-244-096-N.jpg	0	0
LF-245	CFD-LF-245-166-N.jpg	0	0
LF-246	CFD-LF-246-129-N.jpg	0	0
LF-247	CFD-LF-247-051-N.jpg	0	0
LF-248	CFD-LF-248-160-N.jpg	0	0
LF-249	CFD-LF-249-132-N.jpg	0	0
LF-251	CFD-LF-251-057-N.jpg	0	0
LF-252	CFD-LF-252-172-N.jpg	0	0
LF-253	CFD-LF-253-003-N.jpg	0	0
LF-254	CFD-LF-254-125-N.jpg	0	0
LF-255	CFD-LF-255-088-N.jpg	0	0
LM-200	CFD-LM-200-045-N.jpg	1	1
LM-201	CFD-LM-201-057-N.jpg	1	1
LM-202	CFD-LM-202-072-N.jpg	1	1
LM-203	CFD-LM-203-026-N.jpg	1	1
LM-204	CFD-LM-204-001-N.jpg	1	1
LM-206	CFD-LM-206-204-N.jpg	1	1
LM-207	CFD-LM-207-004-N.jpg	1	1
LM-208	CFD-LM-208-110-N.jpg	1	1
LM-209	CFD-LM-209-111-N.jpg	1	1
LM-210	CFD-LM-210-156-N.jpg	1	1
LM-211	CFD-LM-211-128-N.jpg	1	1
LM-212	CFD-LM-212-143-N.jpg	1	1
LM-213	CFD-LM-213-061-N.jpg	1	1
LM-214	CFD-LM-214-165-N.jpg	1	1
LM-215	CFD-LM-215-247-N.jpg	1	1
LM-217	CFD-LM-217-162-N.jpg	1	1
LM-218	CFD-LM-218-183-N.jpg	1	1
LM-219	CFD-LM-219-295-N.jpg	1	1
LM-220	CFD-LM-220-329-N.jpg	1	1
LM-221	CFD-LM-221-216-N.jpg	1	1
LM-222	CFD-LM-222-239-N.jpg	1	1
LM-223	CFD-LM-223-175-N.jpg	1	1
LM-224	CFD-LM-224-162-N.jpg	1	1
LM-225	CFD-LM-225-130-N.jpg	1	1
LM-226	CFD-LM-226-175-N.jpg	1	1
LM-227	CFD-LM-227-103-N.jpg	1	1
LM-228	CFD-LM-228-188-N.jpg	1	1
LM-229	CFD-LM-229-187-N.jpg	1	1
LM-230	CFD-LM-230-202-N.jpg	1	1
LM-231	CFD-LM-231-214-N.jpg	1	1
LM-232	CFD-LM-232-204-N.jpg	1	1
LM-233	CFD-LM-233-171-N.jpg	1	1
LM-234	CFD-LM-234-176-N.jpg	1	1
LM-235	CFD-LM-235-231-N.jpg	1	1
LM-236	CFD-LM-236-163-N.jpg	1	1
LM-238	CFD-LM-238-129-N.jpg	1	1
LM-239	CFD-LM-239-075-N.jpg	1	1
LM-240	CFD-LM-240-013-N.jpg	1	1
LM-241	CFD-LM-241-125-N.jpg	1	1
LM-242	CFD-LM-242-002-N.jpg	1	1
LM-243	CFD-LM-243-075-N.jpg	1	1
LM-244	CFD-LM-244-068-N.jpg	1	1
LM-246	CFD-LM-246-087-N.jpg	1	1
LM-247	CFD-LM-247-095-N.jpg	1	1
LM-248	CFD-LM-248-089-N.jpg	1	1
LM-249	CFD-LM-249-001-N.jpg	1	1
LM-250	CFD-LM-250-077-N.jpg	1	1
LM-251	CFD-LM-251-073-N.jpg	1	1
LM-252	CFD-LM-252-076-N.jpg	1	1
LM-253	CFD-LM-253-075-N.jpg	1	1
WF-001	CFD-WF-001-003-N.jpg	0	0
WF-001	CFD-WF-001-009-HO.jpg	0	0
WF-001	CFD-WF-001-010-HC.jpg	0	0
WF-001	CFD-WF-001-016-A.jpg	0	0
WF-001	CFD-WF-001-027-F.jpg	1	0
WF-002	CFD-WF-002-004-N.jpg	1	0
WF-002	CFD-WF-002-008-HC.jpg	0	0
WF-002	CFD-WF-002-025-F.jpg	0	0
WF-002	CFD-WF-002-033-A.jpg	0	0
WF-003	CFD-WF-003-003-N.jpg	0	0
WF-003	CFD-WF-003-004-HO.jpg	0	0
WF-003	CFD-WF-003-007-HC.jpg	0	0
WF-003	CFD-WF-003-014-A.jpg	0	0
WF-003	CFD-WF-003-025-F.jpg	0	0
WF-005	CFD-WF-005-010-N.jpg	1	0
WF-005	CFD-WF-005-013-HO.jpg	0	0
WF-005	CFD-WF-005-016-HC.jpg	1	0
WF-005	CFD-WF-005-022-A.jpg	1	0
WF-005	CFD-WF-005-027-F.jpg	1	0
WF-006	CFD-WF-006-002-N.jpg	0	0
WF-006	CFD-WF-006-003-HC.jpg	0	0
WF-006	CFD-WF-006-006-HO.jpg	0	0
WF-006	CFD-WF-006-011-F.jpg	0	0
WF-006	CFD-WF-006-019-A.jpg	1	0
WF-008	CFD-WF-008-002-N.jpg	0	0
WF-008	CFD-WF-008-003-HO.jpg	0	0
WF-008	CFD-WF-008-005-HC.jpg	0	0
WF-008	CFD-WF-008-011-A.jpg	0	0
WF-008	CFD-WF-008-016-F.jpg	0	0
WF-009	CFD-WF-009-001-N.jpg	1	0
WF-009	CFD-WF-009-004-HO.jpg	1	0
WF-009	CFD-WF-009-006-HC.jpg	1	0
WF-009	CFD-WF-009-010-A.jpg	1	0
WF-009	CFD-WF-009-015-F.jpg	1	0
WF-010	CFD-WF-010-004-N.jpg	1	0
WF-010	CFD-WF-010-006-HO.jpg	1	0
WF-010	CFD-WF-010-008-HC.jpg	1	0
WF-010	CFD-WF-010-013-F.jpg	0	0
WF-010	CFD-WF-010-014-A.jpg	1	0
WF-011	CFD-WF-011-002-N.jpg	0	0
WF-011	CFD-WF-011-003-HO.jpg	0	0
WF-011	CFD-WF-011-006-HC.jpg	0	0
WF-011	CFD-WF-011-011-A.jpg	0	0
WF-011	CFD-WF-011-016-F.jpg	0	0
WF-012	CFD-WF-012-002-N.jpg	0	0
WF-012	CFD-WF-012-004-HC.jpg	0	0
WF-012	CFD-WF-012-007-HO.jpg	0	0
WF-012	CFD-WF-012-012-A.jpg	0	0
WF-012	CFD-WF-012-017-F.jpg	0	0
WF-013	CFD-WF-013-003-N.jpg	0	0
WF-013	CFD-WF-013-006-HO.jpg	0	0
WF-013	CFD-WF-013-009-HC.jpg	0	0
WF-013	CFD-WF-013-015-A.jpg	1	0
WF-013	CFD-WF-013-019-F.jpg	0	0
WF-014	CFD-WF-014-002-N.jpg	1	0
WF-014	CFD-WF-014-004-HO.jpg	1	0
WF-014	CFD-WF-014-009-HC.jpg	1	0
WF-014	CFD-WF-014-012-A.jpg	1	0
WF-014	CFD-WF-014-023-F.jpg	0	0
WF-015	CFD-WF-015-006-N.jpg	0	0
WF-015	CFD-WF-015-014-A.jpg	0	0
WF-015	CFD-WF-015-022-HO.jpg	0	0
WF-015	CFD-WF-015-023-HC.jpg	0	0
WF-015	CFD-WF-015-027-F.jpg	0	0
WF-016	CFD-WF-016-003-HO.jpg	0	0
WF-016	CFD-WF-016-015-N.jpg	0	0
WF-016	CFD-WF-016-017-HC.jpg	0	0
WF-016	CFD-WF-016-021-A.jpg	0	0
WF-016	CFD-WF-016-024-F.jpg	0	0
WF-017	CFD-WF-017-003-N.jpg	0	0
WF-017	CFD-WF-017-012-F.jpg	0	0
WF-017	CFD-WF-017-015-HO.jpg	0	0
WF-017	CFD-WF-017-016-HC.jpg	0	0
WF-017	CFD-WF-017-023-A.jpg	0	0
WF-018	CFD-WF-018-012-A.jpg	1	0
WF-018	CFD-WF-018-013-F.jpg	0	0
WF-018	CFD-WF-018-017-N.jpg	0	0
WF-018	CFD-WF-018-018-HO.jpg	0	0
WF-018	CFD-WF-018-019-HC.jpg	0	0
WF-019	CFD-WF-019-005-N.jpg	0	0
WF-019	CFD-WF-019-015-A.jpg	0	0
WF-019	CFD-WF-019-024-F.jpg	0	0
WF-019	CFD-WF-019-032-HC.jpg	0	0
WF-019	CFD-WF-019-035-HO.jpg	0	0
WF-020	CFD-WF-020-002-N.jpg	0	0
WF-020	CFD-WF-020-007-HC.jpg	0	0
WF-020	CFD-WF-020-012-A.jpg	1	0
WF-020	CFD-WF-020-023-HO.jpg	0	0
WF-020	CFD-WF-020-027-F.jpg	0	0
WF-021	CFD-WF-021-002-N.jpg	0	0
WF-021	CFD-WF-021-006-HC.jpg	0	0
WF-021	CFD-WF-021-013-F.jpg	0	0
WF-021	CFD-WF-021-016-HO.jpg	0	0
WF-021	CFD-WF-021-018-A.jpg	0	0
WF-022	CFD-WF-022-007-HC.jpg	0	0
WF-022	CFD-WF-022-014-F.jpg	0	0
WF-022	CFD-WF-022-017-N.jpg	0	0
WF-022	CFD-WF-022-019-HO.jpg	0	0
WF-022	CFD-WF-022-023-A.jpg	0	0
WF-023	CFD-WF-023-003-N.jpg	1	0
WF-023	CFD-WF-023-013-A.jpg	1	0
WF-023	CFD-WF-023-020-HO.jpg	1	0
WF-023	CFD-WF-023-021-HC.jpg	1	0
WF-023	CFD-WF-023-026-F.jpg	1	0
WF-024	CFD-WF-024-003-N.jpg	0	0
WF-024	CFD-WF-024-006-HO.jpg	0	0
WF-024	CFD-WF-024-010-HC.jpg	0	0
WF-024	CFD-WF-024-029-A.jpg	1	0
WF-024	CFD-WF-024-031-F.jpg	0	0
WF-025	CFD-WF-025-006-HO.jpg	0	0
WF-025	CFD-WF-025-015-A.jpg	1	0
WF-025	CFD-WF-025-019-N.jpg	0	0
WF-025	CFD-WF-025-023-HC.jpg	1	0
WF-025	CFD-WF-025-031-F.jpg	1	0
WF-026	CFD-WF-026-002-N.jpg	1	0
WF-026	CFD-WF-026-008-A.jpg	1	0
WF-026	CFD-WF-026-017-HO.jpg	1	0
WF-026	CFD-WF-026-018-HC.jpg	0	0
WF-026	CFD-WF-026-024-F.jpg	1	0
WF-027	CFD-WF-027-003-N.jpg	0	0
WF-027	CFD-WF-027-007-HC.jpg	0	0
WF-027	CFD-WF-027-014-A.jpg	0	0
WF-027	CFD-WF-027-015-F.jpg	0	0
WF-027	CFD-WF-027-021-HO.jpg	0	0
WF-029	CFD-WF-029-002-N.jpg	0	0
WF-029	CFD-WF-029-018-F.jpg	1	0
WF-029	CFD-WF-029-021-HO.jpg	0	0
WF-029	CFD-WF-029-023-HC.jpg	0	0
WF-029	CFD-WF-029-026-A.jpg	0	0
WF-030	CFD-WF-030-002-N.jpg	0	0
WF-030	CFD-WF-030-003-HO.jpg	0	0
WF-030	CFD-WF-030-026-F.jpg	0	0
WF-030	CFD-WF-030-031-HC.jpg	0	0
WF-030	CFD-WF-030-033-A.jpg	1	0
WF-031	CFD-WF-031-005-HO.jpg	0	0
WF-031	CFD-WF-031-009-HC.jpg	0	0
WF-031	CFD-WF-031-015-A.jpg	0	0
WF-031	CFD-WF-031-027-N.jpg	0	0
WF-031	CFD-WF-031-045-F.jpg	0	0
WF-033	CFD-WF-033-002-N.jpg	0	0
WF-033	CFD-WF-033-005-HO.jpg	0	0
WF-033	CFD-WF-033-031-A.jpg	0	0
WF-033	CFD-WF-033-035-F.jpg	0	0
WF-033	CFD-WF-033-041-HC.jpg	0	0
WF-034	CFD-WF-034-006-N.jpg	1	0
WF-034	CFD-WF-034-016-A.jpg	1	0
WF-034	CFD-WF-034-028-F.jpg	1	0
WF-034	CFD-WF-034-033-HO.jpg	1	0
WF-034	CFD-WF-034-061-HC.jpg	1	0
WF-035	CFD-WF-035-019-F.jpg	0	0
WF-035	CFD-WF-035-024-N.jpg	0	0
WF-035	CFD-WF-035-027-HO.jpg	0	0
WF-035	CFD-WF-035-030-HC.jpg	0	0
WF-035	CFD-WF-035-033-A.jpg	0	0
WF-036	CFD-WF-036-015-A.jpg	1	0
WF-036	CFD-WF-036-023-N.jpg	1	0
WF-036	CFD-WF-036-026-HO.jpg	0	0
WF-036	CFD-WF-036-030-HC.jpg	0	0
WF-036	CFD-WF-036-040-F.jpg	0	0
WF-037	CFD-WF-037-016-A.jpg	1	0
WF-037	CFD-WF-037-024-F.jpg	1	0
WF-037	CFD-WF-037-029-N.jpg	1	0
WF-037	CFD-WF-037-034-HC.jpg	1	0
WF-038	CFD-WF-038-021-N.jpg	0	0
WF-038	CFD-WF-038-023-HO.jpg	0	0
WF-038	CFD-WF-038-027-HC.jpg	0	0
WF-038	CFD-WF-038-030-A.jpg	0	0
WF-038	CFD-WF-038-033-F.jpg	0	0
WF-039	CFD-WF-039-005-HO.jpg	0	0
WF-039	CFD-WF-039-008-HC.jpg	0	0
WF-039	CFD-WF-039-025-N.jpg	0	0
WF-039	CFD-WF-039-032-A.jpg	0	0
WF-039	CFD-WF-039-044-F.jpg	0	0
WF-200	CFD-WF-200-099-N.jpg	0	0
WF-201	CFD-WF-201-156-N.jpg	0	0
WF-202	CFD-WF-202-056-N.jpg	0	0
WF-203	CFD-WF-203-229-N.jpg	0	0
WF-204	CFD-WF-204-038-N.jpg	1	0
WF-205	CFD-WF-205-006-N.jpg	0	0
WF-206	CFD-WF-206-147-N.jpg	0	0
WF-207	CFD-WF-207-014-N.jpg	0	0
WF-208	CFD-WF-208-068-N.jpg	0	0
WF-209	CFD-WF-209-052-N.jpg	0	0
WF-211	CFD-WF-211-001-N.jpg	0	0
WF-212	CFD-WF-212-050-N.jpg	0	0
WF-213	CFD-WF-213-031-N.jpg	0	0
WF-214	CFD-WF-214-122-N.jpg	0	0
WF-215	CFD-WF-215-145-N.jpg	0	0
WF-216	CFD-WF-216-079-N.jpg	0	0
WF-217	CFD-WF-217-085-N.jpg	0	0
WF-218	CFD-WF-218-087-N.jpg	0	0
WF-219	CFD-WF-219-038-N.jpg	0	0
WF-220	CFD-WF-220-101-N.jpg	0	0
WF-221	CFD-WF-221-005-N.jpg	0	0
WF-222	CFD-WF-222-092-N.jpg	1	0
WF-223	CFD-WF-223-133-N.jpg	0	0
WF-224	CFD-WF-224-099-N.jpg	0	0
WF-225	CFD-WF-225-101-N.jpg	1	0
WF-226	CFD-WF-226-095-N.jpg	0	0
WF-227	CFD-WF-227-002-N.jpg	0	0
WF-228	CFD-WF-228-196-N.jpg	0	0
WF-229	CFD-WF-229-004-N.jpg	0	0
WF-230	CFD-WF-230-158-N.jpg	0	0
WF-232	CFD-WF-232-161-N.jpg	0	0
WF-233	CFD-WF-233-112-N.jpg	0	0
WF-234	CFD-WF-234-086-N.jpg	0	0
WF-235	CFD-WF-235-121-N.jpg	0	0
WF-236	CFD-WF-236-107-N.jpg	0	0
WF-237	CFD-WF-237-067-N.jpg	0	0
WF-238	CFD-WF-238-023-N.jpg	0	0
WF-239	CFD-WF-239-155-N.jpg	0	0
WF-240	CFD-WF-240-083-N.jpg	0	0
WF-241	CFD-WF-241-210-N.jpg	0	0
WF-242	CFD-WF-242-001-N.jpg	0	0
WF-243	CFD-WF-243-148-N.jpg	0	0
WF-244	CFD-WF-244-163-N.jpg	0	0
WF-245	CFD-WF-245-084-N.jpg	0	0
WF-246	CFD-WF-246-087-N.jpg	0	0
WF-247	CFD-WF-247-065-N.jpg	0	0
WF-248	CFD-WF-248-129-N.jpg	0	0
WF-249	CFD-WF-249-126-N.jpg	0	0
WF-250	CFD-WF-250-167-N.jpg	0	0
WF-251	CFD-WF-251-014-N.jpg	0	0
WM-001	CFD-WM-001-007-HC.jpg	1	1
WM-001	CFD-WM-001-011-HO.jpg	1	1
WM-001	CFD-WM-001-014-N.jpg	1	1
WM-002	CFD-WM-002-007-HO.jpg	1	1
WM-002	CFD-WM-002-008-HC.jpg	1	1
WM-002	CFD-WM-002-009-N.jpg	1	1
WM-002	CFD-WM-002-017-A.jpg	1	1
WM-003	CFD-WM-003-002-N.jpg	1	1
WM-003	CFD-WM-003-003-HO.jpg	1	1
WM-003	CFD-WM-003-006-HC.jpg	1	1
WM-003	CFD-WM-003-008-A.jpg	1	1
WM-004	CFD-WM-004-002-F.jpg	1	1
WM-004	CFD-WM-004-005-HC.jpg	1	1
WM-004	CFD-WM-004-006-HO.jpg	1	1
WM-004	CFD-WM-004-010-N.jpg	1	1
WM-004	CFD-WM-004-011-A.jpg	1	1
WM-006	CFD-WM-006-002-N.jpg	1	1
WM-006	CFD-WM-006-010-HO.jpg	1	1
WM-006	CFD-WM-006-013-HC.jpg	1	1
WM-006	CFD-WM-006-022-A.jpg	1	1
WM-006	CFD-WM-006-039-F.jpg	1	1
WM-009	CFD-WM-009-002-N.jpg	1	1
WM-009	CFD-WM-009-004-HO.jpg	1	1
WM-009	CFD-WM-009-006-HC.jpg	1	1
WM-009	CFD-WM-009-009-A.jpg	1	1
WM-009	CFD-WM-009-014-F.jpg	1	1
WM-010	CFD-WM-010-001-N.jpg	1	1
WM-010	CFD-WM-010-004-HO.jpg	1	1
WM-010	CFD-WM-010-007-HC.jpg	1	1
WM-010	CFD-WM-010-016-A.jpg	1	1
WM-010	CFD-WM-010-020-F.jpg	1	1
WM-011	CFD-WM-011-002-N.jpg	1	1
WM-011	CFD-WM-011-003-HO.jpg	1	1
WM-011	CFD-WM-011-006-HC.jpg	1	1
WM-011	CFD-WM-011-011-A.jpg	1	1
WM-011	CFD-WM-011-019-F.jpg	1	1
WM-012	CFD-WM-012-001-N.jpg	1	1
WM-012	CFD-WM-012-005-HO.jpg	1	1
WM-012	CFD-WM-012-007-HC.jpg	1	1
WM-012	CFD-WM-012-015-A.jpg	1	1
WM-012	CFD-WM-012-026-F.jpg	1	1
WM-013	CFD-WM-013-001-N.jpg	1	1
WM-013	CFD-WM-013-006-HO.jpg	1	1
WM-013	CFD-WM-013-008-HC.jpg	1	1
WM-013	CFD-WM-013-015-A.jpg	1	1
WM-013	CFD-WM-013-019-F.jpg	1	1
WM-014	CFD-WM-014-002-N.jpg	1	1
WM-014	CFD-WM-014-004-HO.jpg	1	1
WM-014	CFD-WM-014-008-HC.jpg	1	1
WM-014	CFD-WM-014-013-A.jpg	1	1
WM-014	CFD-WM-014-024-F.jpg	1	1
WM-015	CFD-WM-015-002-N.jpg	1	1
WM-015	CFD-WM-015-005-HO.jpg	1	1
WM-015	CFD-WM-015-009-HC.jpg	1	1
WM-015	CFD-WM-015-017-A.jpg	1	1
WM-015	CFD-WM-015-023-F.jpg	1	1
WM-016	CFD-WM-016-001-N.jpg	1	1
WM-016	CFD-WM-016-002-HO.jpg	1	1
WM-016	CFD-WM-016-005-HC.jpg	1	1
WM-016	CFD-WM-016-008-A.jpg	1	1
WM-017	CFD-WM-017-002-N.jpg	1	1
WM-017	CFD-WM-017-003-HC.jpg	1	1
WM-017	CFD-WM-017-005-HO.jpg	1	1
WM-017	CFD-WM-017-011-A.jpg	1	1
WM-017	CFD-WM-017-019-F.jpg	1	1
WM-018	CFD-WM-018-002-N.jpg	1	1
WM-018	CFD-WM-018-004-HO.jpg	1	1
WM-018	CFD-WM-018-005-HC.jpg	1	1
WM-018	CFD-WM-018-007-A.jpg	1	1
WM-019	CFD-WM-019-003-N.jpg	1	1
WM-019	CFD-WM-019-006-HC.jpg	1	1
WM-019	CFD-WM-019-009-HO.jpg	1	1
WM-019	CFD-WM-019-013-A.jpg	1	1
WM-019	CFD-WM-019-017-F.jpg	1	1
WM-020	CFD-WM-020-001-N.jpg	1	1
WM-020	CFD-WM-020-003-HO.jpg	1	1
WM-020	CFD-WM-020-005-HC.jpg	1	1
WM-020	CFD-WM-020-008-A.jpg	1	1
WM-020	CFD-WM-020-012-F.jpg	1	1
WM-021	CFD-WM-021-001-N.jpg	1	1
WM-021	CFD-WM-021-004-HO.jpg	1	1
WM-021	CFD-WM-021-006-HC.jpg	1	1
WM-021	CFD-WM-021-009-A.jpg	1	1
WM-022	CFD-WM-022-001-N.jpg	1	1
WM-022	CFD-WM-022-003-HC.jpg	1	1
WM-022	CFD-WM-022-005-HO.jpg	1	1
WM-022	CFD-WM-022-008-A.jpg	1	1
WM-022	CFD-WM-022-012-F.jpg	1	1
WM-023	CFD-WM-023-001-N.jpg	1	1
WM-023	CFD-WM-023-004-HO.jpg	1	1
WM-023	CFD-WM-023-007-HC.jpg	1	1
WM-023	CFD-WM-023-012-A.jpg	1	1
WM-023	CFD-WM-023-015-F.jpg	1	1
WM-025	CFD-WM-025-002-N.jpg	1	1
WM-025	CFD-WM-025-008-A.jpg	1	1
WM-025	CFD-WM-025-018-HC.jpg	1	1
WM-025	CFD-WM-025-019-HO.jpg	1	1
WM-025	CFD-WM-025-022-F.jpg	1	1
WM-026	CFD-WM-026-001-N.jpg	1	1
WM-026	CFD-WM-026-004-HC.jpg	1	1
WM-026	CFD-WM-026-006-HO.jpg	1	1
WM-026	CFD-WM-026-013-F.jpg	1	1
WM-026	CFD-WM-026-019-A.jpg	1	1
WM-028	CFD-WM-028-003-N.jpg	1	1
WM-028	CFD-WM-028-005-HC.jpg	1	1
WM-028	CFD-WM-028-007-HO.jpg	1	1
WM-028	CFD-WM-028-019-F.jpg	1	1
WM-028	CFD-WM-028-029-A.jpg	1	1
WM-029	CFD-WM-029-009-HC.jpg	1	1
WM-029	CFD-WM-029-014-A.jpg	1	1
WM-029	CFD-WM-029-020-F.jpg	1	1
WM-029	CFD-WM-029-023-N.jpg	1	1
WM-029	CFD-WM-029-029-HO.jpg	1	1
WM-031	CFD-WM-031-003-N.jpg	1	1
WM-031	CFD-WM-031-004-HO.jpg	1	1
WM-031	CFD-WM-031-032-F.jpg	1	1
WM-031	CFD-WM-031-038-HC.jpg	1	1
WM-031	CFD-WM-031-045-A.jpg	1	1
WM-032	CFD-WM-032-001-N.jpg	1	1
WM-032	CFD-WM-032-004-HO.jpg	1	1
WM-032	CFD-WM-032-008-HC.jpg	1	1
WM-032	CFD-WM-032-014-A.jpg	1	1
WM-032	CFD-WM-032-021-F.jpg	1	1
WM-033	CFD-WM-033-006-HC.jpg	1	1
WM-033	CFD-WM-033-007-HO.jpg	1	1
WM-033	CFD-WM-033-014-A.jpg	1	1
WM-033	CFD-WM-033-025-N.jpg	1	1
WM-033	CFD-WM-033-053-F.jpg	1	1
WM-034	CFD-WM-034-027-F.jpg	1	1
WM-034	CFD-WM-034-030-N.jpg	1	1
WM-034	CFD-WM-034-032-HC.jpg	1	1
WM-034	CFD-WM-034-035-HO.jpg	1	1
WM-034	CFD-WM-034-040-A.jpg	1	1
WM-035	CFD-WM-035-018-A.jpg	1	1
WM-035	CFD-WM-035-028-F.jpg	1	1
WM-035	CFD-WM-035-032-N.jpg	1	1
WM-035	CFD-WM-035-033-HO.jpg	1	1
WM-035	CFD-WM-035-036-HC.jpg	1	1
WM-036	CFD-WM-036-018-A.jpg	1	1
WM-036	CFD-WM-036-031-N.jpg	1	1
WM-036	CFD-WM-036-034-HO.jpg	1	1
WM-036	CFD-WM-036-037-HC.jpg	1	1
WM-036	CFD-WM-036-047-F.jpg	1	1
WM-037	CFD-WM-037-025-N.jpg	1	1
WM-037	CFD-WM-037-033-HC.jpg	1	1
WM-037	CFD-WM-037-034-HO.jpg	1	1
WM-037	CFD-WM-037-060-A.jpg	1	1
WM-037	CFD-WM-037-063-F.jpg	1	1
WM-038	CFD-WM-038-003-N.jpg	1	1
WM-038	CFD-WM-038-005-HO.jpg	1	1
WM-038	CFD-WM-038-007-HC.jpg	1	1
WM-038	CFD-WM-038-011-A.jpg	1	1
WM-038	CFD-WM-038-018-F.jpg	1	1
WM-039	CFD-WM-039-004-HC.jpg	0	1
WM-039	CFD-WM-039-008-HO.jpg	0	1
WM-039	CFD-WM-039-010-A.jpg	1	1
WM-039	CFD-WM-039-018-N.jpg	1	1
WM-039	CFD-WM-039-028-F.jpg	1	1
WM-040	CFD-WM-040-007-A.jpg	1	1
WM-040	CFD-WM-040-022-N.jpg	1	1
WM-040	CFD-WM-040-023-HO.jpg	1	1
WM-040	CFD-WM-040-025-HC.jpg	1	1
WM-040	CFD-WM-040-033-F.jpg	1	1
WM-041	CFD-WM-041-009-A.jpg	1	1
WM-041	CFD-WM-041-021-N.jpg	1	1
WM-041	CFD-WM-041-023-HC.jpg	1	1
WM-200	CFD-WM-200-034-N.jpg	1	1
WM-201	CFD-WM-201-063-N.jpg	1	1
WM-202	CFD-WM-202-107-N.jpg	1	1
WM-203	CFD-WM-203-023-N.jpg	1	1
WM-204	CFD-WM-204-031-N.jpg	1	1
WM-206	CFD-WM-206-045-N.jpg	1	1
WM-207	CFD-WM-207-048-N.jpg	1	1
WM-208	CFD-WM-208-068-N.jpg	1	1
WM-209	CFD-WM-209-038-N.jpg	1	1
WM-210	CFD-WM-210-057-N.jpg	1	1
WM-211	CFD-WM-211-054-N.jpg	1	1
WM-212	CFD-WM-212-097-N.jpg	1	1
WM-213	CFD-WM-213-076-N.jpg	1	1
WM-214	CFD-WM-214-026-N.jpg	1	1
WM-215	CFD-WM-215-041-N.jpg	1	1
WM-216	CFD-WM-216-061-N.jpg	1	1
WM-217	CFD-WM-217-070-N.jpg	1	1
WM-218	CFD-WM-218-074-N.jpg	1	1
WM-219	CFD-WM-219-008-N.jpg	1	1
WM-220	CFD-WM-220-068-N.jpg	1	1
WM-221	CFD-WM-221-091-N.jpg	1	1
WM-222	CFD-WM-222-057-N.jpg	1	1
WM-223	CFD-WM-223-056-N.jpg	1	1
WM-224	CFD-WM-224-197-N.jpg	1	1
WM-225	CFD-WM-225-127-N.jpg	1	1
WM-228	CFD-WM-228-065-N.jpg	1	1
WM-229	CFD-WM-229-129-N.jpg	1	1
WM-230	CFD-WM-230-131-N.jpg	1	1
WM-231	CFD-WM-231-112-N.jpg	1	1
WM-232	CFD-WM-232-070-N.jpg	1	1
WM-233	CFD-WM-233-106-N.jpg	1	1
WM-234	CFD-WM-234-118-N.jpg	1	1
WM-235	CFD-WM-235-147-N.jpg	1	1
WM-236	CFD-WM-236-072-N.jpg	0	1
WM-237	CFD-WM-237-052-N.jpg	1	1
WM-238	CFD-WM-238-020-N.jpg	1	1
WM-239	CFD-WM-239-128-N.jpg	1	1
WM-240	CFD-WM-240-125-N.jpg	1	1
WM-241	CFD-WM-241-072-N.jpg	1	1
WM-242	CFD-WM-242-011-N.jpg	1	1
WM-243	CFD-WM-243-107-N.jpg	1	1
WM-244	CFD-WM-244-003-N.jpg	1	1
WM-245	CFD-WM-245-123-N.jpg	1	1
WM-247	CFD-WM-247-084-N.jpg	1	1
WM-248	CFD-WM-248-036-N.jpg	1	1
WM-249	CFD-WM-249-239-N.jpg	1	1
WM-250	CFD-WM-250-157-N.jpg	1	1
WM-251	CFD-WM-251-002-N.jpg	1	1
WM-252	CFD-WM-252-224-N.jpg	1	1
WM-253	CFD-WM-253-119-N.jpg	1	1
WM-254	CFD-WM-254-152-N.jpg	1	1
WM-255	CFD-WM-255-219-N.jpg	1	1
WM-256	CFD-WM-256-138-N.jpg	1	1
WM-257	CFD-WM-257-161-N.jpg	1	1
WM-258	CFD-WM-258-125-N.jpg	1	1
